id,first_name,last_name,email,gender,ip_address,avatar
1,Inness,Tafani,itafani0@cmu.edu,Male,12.78.93.34,http://dummyimage.com/168x237.bmp/dddddd/000000
2,Joan,Tebbut,jtebbut1@hp.com,Female,137.204.202.83,http://dummyimage.com/179x160.bmp/cc0000/ffffff
3,Herminia,McDermott-Row,hmcdermottrow2@tmall.com,Female,179.70.67.52,http://dummyimage.com/108x153.bmp/cc0000/ffffff
4,Thebault,Lansdown,tlansdown3@flavors.me,Male,163.48.31.237,http://dummyimage.com/114x199.png/cc0000/ffffff
5,Morry,Camacho,mcamacho4@yellowbook.com,Male,74.130.184.200,http://dummyimage.com/128x166.bmp/dddddd/000000
6,Jerrold,Twallin,jtwallin5@over-blog.com,Male,26.219.192.114,http://dummyimage.com/148x159.bmp/ff4444/ffffff
7,Donnamarie,Schimon,dschimon6@infoseek.co.jp,Female,255.7.211.13,http://dummyimage.com/168x240.png/ff4444/ffffff
8,Candice,Wanderschek,cwanderschek7@mediafire.com,Female,65.223.38.166,http://dummyimage.com/179x210.jpg/cc0000/ffffff
9,Renato,Edgson,redgson8@psu.edu,Male,148.7.124.136,http://dummyimage.com/210x188.jpg/cc0000/ffffff
10,Nicholas,McKean,nmckean9@mapquest.com,Male,176.136.212.135,http://dummyimage.com/125x198.jpg/ff4444/ffffff
11,Shane,Kelwick,skelwicka@w3.org,Male,184.81.222.28,http://dummyimage.com/163x193.jpg/cc0000/ffffff
12,Binny,Balsom,bbalsomb@mapquest.com,Female,118.58.83.39,http://dummyimage.com/142x130.bmp/ff4444/ffffff
13,Irv,Morland,imorlandc@pbs.org,Male,131.235.4.118,http://dummyimage.com/197x135.bmp/cc0000/ffffff
14,Ivar,Egell,iegelld@unicef.org,Male,129.55.107.45,http://dummyimage.com/172x103.jpg/ff4444/ffffff
15,Fraze,O'Cannan,focannane@ox.ac.uk,Male,209.116.235.92,http://dummyimage.com/196x170.jpg/ff4444/ffffff
16,Giustina,Rew,grewf@boston.com,Female,170.255.83.107,http://dummyimage.com/196x231.jpg/cc0000/ffffff
17,Ashley,Tuckey,atuckeyg@barnesandnoble.com,Female,98.216.238.114,http://dummyimage.com/155x232.png/5fa2dd/ffffff
18,Jacklin,Bream,jbreamh@github.io,Female,212.245.4.35,http://dummyimage.com/107x236.jpg/dddddd/000000
19,Cos,Tapsell,ctapselli@google.ru,Male,250.8.79.236,http://dummyimage.com/210x119.bmp/5fa2dd/ffffff
20,Sheppard,Syson,ssysonj@google.com.au,Male,189.131.158.132,http://dummyimage.com/246x195.jpg/dddddd/000000
21,Kaila,Shakle,kshaklek@google.de,Female,23.245.74.165,http://dummyimage.com/220x203.jpg/5fa2dd/ffffff
22,Lizabeth,Crosetto,lcrosettol@liveinternet.ru,Female,176.158.104.71,http://dummyimage.com/165x169.png/cc0000/ffffff
23,Woodman,Gibberd,wgibberdm@ovh.net,Male,196.253.227.101,http://dummyimage.com/237x142.bmp/5fa2dd/ffffff
24,Dmitri,Casin,dcasinn@newyorker.com,Male,235.181.32.135,http://dummyimage.com/191x213.jpg/ff4444/ffffff
25,Arlen,Fiorentino,afiorentinoo@gov.uk,Male,50.150.146.191,http://dummyimage.com/214x177.jpg/ff4444/ffffff
26,Effie,Crummey,ecrummeyp@noaa.gov,Female,214.142.189.54,http://dummyimage.com/152x241.bmp/5fa2dd/ffffff
27,Dawna,Marjanski,dmarjanskiq@google.cn,Female,216.103.68.75,http://dummyimage.com/112x223.bmp/5fa2dd/ffffff
28,Nonnah,Crossthwaite,ncrossthwaiter@businessinsider.com,Female,182.204.185.221,http://dummyimage.com/126x232.jpg/dddddd/000000
29,Zarla,Tayt,ztayts@google.com.au,Female,242.78.107.87,http://dummyimage.com/221x192.jpg/cc0000/ffffff
30,Babbie,Ilyunin,bilyunint@theguardian.com,Female,39.134.75.105,http://dummyimage.com/107x129.png/dddddd/000000
31,Rhodia,Knapper,rknapperu@unicef.org,Female,77.200.54.91,http://dummyimage.com/212x238.png/5fa2dd/ffffff
32,Kane,Dilleway,kdillewayv@fema.gov,Male,6.6.137.51,http://dummyimage.com/110x218.png/dddddd/000000
33,Noell,Kirley,nkirleyw@google.nl,Female,79.38.30.89,http://dummyimage.com/134x236.png/ff4444/ffffff
34,Ferdinanda,Gawke,fgawkex@i2i.jp,Female,57.62.237.240,http://dummyimage.com/140x216.png/cc0000/ffffff
35,Brennen,Yarnley,byarnleyy@oracle.com,Male,57.56.164.36,http://dummyimage.com/215x216.bmp/5fa2dd/ffffff
36,Shepard,Daveley,sdaveleyz@zdnet.com,Male,223.112.251.191,http://dummyimage.com/249x221.bmp/cc0000/ffffff
37,Fidelio,Punyer,fpunyer10@ezinearticles.com,Male,184.210.25.16,http://dummyimage.com/167x189.jpg/ff4444/ffffff
38,Benedicta,Falkous,bfalkous11@vistaprint.com,Female,237.214.48.86,http://dummyimage.com/127x139.bmp/ff4444/ffffff
39,Zachery,Trittam,ztrittam12@w3.org,Male,151.127.171.22,http://dummyimage.com/159x158.bmp/ff4444/ffffff
40,Lin,Balm,lbalm13@studiopress.com,Female,104.161.36.223,http://dummyimage.com/249x131.png/5fa2dd/ffffff
41,Jacky,Rubenfeld,jrubenfeld14@salon.com,Female,136.201.26.144,http://dummyimage.com/100x168.jpg/dddddd/000000
42,Wit,Ingliss,wingliss15@newsvine.com,Male,55.205.156.163,http://dummyimage.com/175x230.bmp/5fa2dd/ffffff
43,Caresse,Dowyer,cdowyer16@shutterfly.com,Female,162.195.255.163,http://dummyimage.com/225x130.png/cc0000/ffffff
44,Salomi,Stollwerk,sstollwerk17@goodreads.com,Female,136.187.90.115,http://dummyimage.com/218x182.bmp/5fa2dd/ffffff
45,Rancell,Hunnaball,rhunnaball18@google.com.br,Male,248.35.169.124,http://dummyimage.com/232x105.jpg/ff4444/ffffff
46,Sax,Cornels,scornels19@dion.ne.jp,Male,106.57.85.16,http://dummyimage.com/117x158.jpg/dddddd/000000
47,Kalvin,Penn,kpenn1a@walmart.com,Male,200.146.65.133,http://dummyimage.com/206x161.jpg/ff4444/ffffff
48,Ilyse,Motte,imotte1b@wired.com,Female,39.203.226.207,http://dummyimage.com/190x218.jpg/cc0000/ffffff
49,Merrel,Wallas,mwallas1c@meetup.com,Male,225.134.174.248,http://dummyimage.com/221x101.bmp/dddddd/000000
50,Constancy,Radoux,cradoux1d@netvibes.com,Female,51.79.240.90,http://dummyimage.com/165x192.png/5fa2dd/ffffff
51,Ban,Adamides,badamides1e@intel.com,Male,43.115.79.101,http://dummyimage.com/195x245.jpg/dddddd/000000
52,Madelina,Wyche,mwyche1f@mapy.cz,Female,184.56.64.174,http://dummyimage.com/179x228.jpg/cc0000/ffffff
53,Devon,Pinkney,dpinkney1g@virginia.edu,Female,62.206.189.45,http://dummyimage.com/136x161.bmp/dddddd/000000
54,Gill,Sage,gsage1h@linkedin.com,Female,76.203.35.46,http://dummyimage.com/247x201.jpg/dddddd/000000
55,Prinz,Curtiss,pcurtiss1i@loc.gov,Male,244.120.176.197,http://dummyimage.com/152x142.jpg/dddddd/000000
56,Demetris,Larsen,dlarsen1j@sfgate.com,Female,37.35.56.126,http://dummyimage.com/147x241.jpg/5fa2dd/ffffff
57,Natasha,Cobleigh,ncobleigh1k@bizjournals.com,Female,146.45.106.125,http://dummyimage.com/232x184.bmp/ff4444/ffffff
58,Anet,Thody,athody1l@fema.gov,Female,204.211.242.23,http://dummyimage.com/181x233.png/dddddd/000000
59,Zackariah,Pick,zpick1m@geocities.com,Male,242.91.235.165,http://dummyimage.com/230x113.png/ff4444/ffffff
60,Vance,Hattrick,vhattrick1n@miibeian.gov.cn,Male,251.75.215.232,http://dummyimage.com/134x109.png/5fa2dd/ffffff
61,Guillaume,Matthews,gmatthews1o@csmonitor.com,Male,236.151.4.86,http://dummyimage.com/179x129.jpg/ff4444/ffffff
62,Rem,Oldland,roldland1p@arstechnica.com,Male,83.219.0.127,http://dummyimage.com/204x161.png/ff4444/ffffff
63,Monro,Reyner,mreyner1q@webmd.com,Male,20.248.230.86,http://dummyimage.com/177x160.png/dddddd/000000
64,Lida,Mowatt,lmowatt1r@mapy.cz,Female,159.33.138.17,http://dummyimage.com/246x123.bmp/dddddd/000000
65,Giacobo,Keynd,gkeynd1s@twitpic.com,Male,22.16.198.132,http://dummyimage.com/103x141.bmp/cc0000/ffffff
66,Brandea,Coopman,bcoopman1t@house.gov,Female,209.96.241.39,http://dummyimage.com/101x127.bmp/5fa2dd/ffffff
67,Jacquelyn,Whitmore,jwhitmore1u@newsvine.com,Female,18.75.131.205,http://dummyimage.com/180x246.bmp/5fa2dd/ffffff
68,Justen,Littleproud,jlittleproud1v@seesaa.net,Male,220.165.99.44,http://dummyimage.com/229x174.png/5fa2dd/ffffff
69,Luis,Rings,lrings1w@issuu.com,Male,59.156.13.4,http://dummyimage.com/100x201.bmp/dddddd/000000
70,Johnathon,Puddicombe,jpuddicombe1x@columbia.edu,Male,50.115.205.173,http://dummyimage.com/145x171.jpg/dddddd/000000
71,Georgy,O'Cannavan,gocannavan1y@utexas.edu,Male,113.190.181.49,http://dummyimage.com/211x240.png/cc0000/ffffff
72,Timmie,Swigger,tswigger1z@phoca.cz,Female,254.174.184.22,http://dummyimage.com/243x158.png/5fa2dd/ffffff
73,Rochell,McShirie,rmcshirie20@google.cn,Female,21.129.253.208,http://dummyimage.com/205x249.bmp/5fa2dd/ffffff
74,Gayle,Bacup,gbacup21@webnode.com,Male,175.240.17.160,http://dummyimage.com/117x170.png/cc0000/ffffff
75,Woody,Noore,wnoore22@examiner.com,Male,20.148.183.157,http://dummyimage.com/216x159.png/cc0000/ffffff
76,Danila,Kolakowski,dkolakowski23@tuttocitta.it,Female,21.206.23.70,http://dummyimage.com/152x221.png/ff4444/ffffff
77,Cory,Hartshorn,chartshorn24@marriott.com,Female,101.93.198.220,http://dummyimage.com/189x199.bmp/cc0000/ffffff
78,Kareem,Freschini,kfreschini25@phoca.cz,Male,122.175.202.107,http://dummyimage.com/170x230.png/cc0000/ffffff
79,Willette,Sheard,wsheard26@si.edu,Female,155.56.17.79,http://dummyimage.com/205x225.png/cc0000/ffffff
80,Tristam,Flaunier,tflaunier27@archive.org,Male,145.193.130.103,http://dummyimage.com/206x225.png/dddddd/000000
81,Patience,Murtagh,pmurtagh28@yelp.com,Female,17.179.14.91,http://dummyimage.com/169x108.png/5fa2dd/ffffff
82,Tamas,Goodspeed,tgoodspeed29@hp.com,Male,86.232.2.42,http://dummyimage.com/186x105.bmp/cc0000/ffffff
83,Gawain,Bain,gbain2a@miibeian.gov.cn,Male,165.239.160.141,http://dummyimage.com/143x182.jpg/5fa2dd/ffffff
84,Nickey,Mundwell,nmundwell2b@bloglovin.com,Male,238.111.159.109,http://dummyimage.com/137x122.jpg/cc0000/ffffff
85,Clarance,Braney,cbraney2c@ezinearticles.com,Male,23.36.102.76,http://dummyimage.com/132x161.png/ff4444/ffffff
86,Rudd,Montgomery,rmontgomery2d@squarespace.com,Male,105.227.6.73,http://dummyimage.com/150x165.png/ff4444/ffffff
87,Ilsa,Gaize,igaize2e@dion.ne.jp,Female,145.248.188.87,http://dummyimage.com/249x142.png/ff4444/ffffff
88,Leona,Dumbellow,ldumbellow2f@slashdot.org,Female,228.125.240.240,http://dummyimage.com/136x202.png/cc0000/ffffff
89,Antonietta,Grewar,agrewar2g@cdc.gov,Female,133.198.171.35,http://dummyimage.com/121x248.jpg/ff4444/ffffff
90,Bogart,Lawling,blawling2h@go.com,Male,82.1.33.64,http://dummyimage.com/223x144.png/5fa2dd/ffffff
91,Sarene,Bohman,sbohman2i@phpbb.com,Female,80.24.73.9,http://dummyimage.com/165x113.png/5fa2dd/ffffff
92,Seka,Coats,scoats2j@epa.gov,Female,20.22.179.166,http://dummyimage.com/214x231.bmp/ff4444/ffffff
93,Edithe,Matysik,ematysik2k@hibu.com,Female,120.223.180.84,http://dummyimage.com/212x112.jpg/cc0000/ffffff
94,Baron,Breslauer,bbreslauer2l@furl.net,Male,255.18.162.180,http://dummyimage.com/159x145.jpg/5fa2dd/ffffff
95,Ynez,Boissier,yboissier2m@alibaba.com,Female,52.148.226.254,http://dummyimage.com/142x161.bmp/5fa2dd/ffffff
96,Doralin,Lill,dlill2n@cargocollective.com,Female,216.210.74.179,http://dummyimage.com/156x120.bmp/cc0000/ffffff
97,Maddalena,Fattore,mfattore2o@friendfeed.com,Female,148.216.117.244,http://dummyimage.com/240x209.bmp/dddddd/000000
98,Leonardo,Lawrey,llawrey2p@uiuc.edu,Male,169.253.141.250,http://dummyimage.com/102x135.png/ff4444/ffffff
99,Jacob,Fitkin,jfitkin2q@sohu.com,Male,114.110.105.141,http://dummyimage.com/115x218.png/dddddd/000000
100,Polly,Ciccoloi,pciccoloi2r@google.es,Female,17.89.60.114,http://dummyimage.com/145x201.jpg/5fa2dd/ffffff
